MasterID,ChildID,Name
10,1001,ItemA
11,1002,ItemB
12,1003,ItemC
13,1004,ItemD
14,1005,ItemE
15,1006,ItemF
16,1007,ItemG
17,1008,ItemH
18,1009,ItemI
19,1010,ItemJ
20,1011,ItemK
21,1012,ItemL
22,1013,ItemM
23,1014,ItemN
24,1015,ItemO
25,1016,ItemP
26,1017,ItemQ
27,1018,ItemR
28,1019,ItemS
29,1020,ItemT
30,1021,ItemU
31,1022,ItemV
32,1023,ItemW
33,1024,ItemX
34,1025,ItemY
35,1026,ItemZ
36,1027,ItemA
37,1028,ItemB
38,1029,ItemC
39,1030,ItemD
40,1031,ItemE
41,1032,ItemF
42,1033,ItemG
43,1034,ItemH
44,1035,ItemI
45,1036,ItemJ
46,1037,ItemK
47,1038,ItemL
48,1039,ItemM
49,1040,ItemN
50,1041,ItemO
51,1042,ItemP
52,1043,ItemQ
53,1044,ItemR
54,1045,ItemS
55,1046,ItemT
56,1047,ItemU
57,1048,ItemV
58,1049,ItemW
59,1050,ItemX
60,1051,ItemY
61,1052,ItemZ
62,1053,ItemA
63,1054,ItemB
64,1055,ItemC
65,1056,ItemD
66,1057,ItemE
67,1058,ItemF
68,1059,ItemG
69,1060,ItemH
70,1061,ItemI
71,1062,ItemJ
72,1063,ItemK
73,1064,ItemL
74,1065,ItemM
75,1066,ItemN
76,1067,ItemO
77,1068,ItemP
78,1069,ItemQ
79,1070,ItemR
80,1071,ItemS
81,1072,ItemT
82,1073,ItemU
83,1074,ItemV
84,1075,ItemW
85,1076,ItemX
86,1077,ItemY
87,1078,ItemZ
88,1079,ItemA
89,1080,ItemB
90,1081,ItemC
91,1082,ItemD
92,1083,ItemE
93,1084,ItemF
94,1085,ItemG
95,1086,ItemH
96,1087,ItemI
97,1088,ItemJ
98,1089,ItemK
99,1090,ItemL
100,1091,ItemM
101,1092,ItemN
102,1093,ItemO
103,1094,ItemP
104,1095,ItemQ
105,1096,ItemR
106,1097,ItemS
107,1098,ItemT
108,1099,ItemU
109,1100,ItemV
110,1101,ItemW
111,1102,ItemX
112,1103,ItemY
113,1104,ItemZ
114,1105,ItemA
115,1106,ItemB
116,1107,ItemC
117,1108,ItemD
118,1109,ItemE
119,1110,ItemF
120,1111,ItemG
121,1112,ItemH
122,1113,ItemI
123,1114,ItemJ
124,1115,ItemK
125,1116,ItemL
126,1117,ItemM
127,1118,ItemN
128,1119,ItemO
129,1120,ItemP
130,1121,ItemQ
131,1122,ItemR
132,1123,ItemS
133,1124,ItemT
134,1125,ItemU
135,1126,ItemV
136,1127,ItemW
137,1128,ItemX
138,1129,ItemY
139,1130,ItemZ
140,1131,ItemA
141,1132,ItemB
142,1133,ItemC
143,1134,ItemD
144,1135,ItemE
145,1136,ItemF
146,1137,ItemG
147,1138,ItemH
148,1139,ItemI
149,1140,ItemJ
150,1141,ItemK
151,1142,ItemL
152,1143,ItemM
153,1144,ItemN
154,1145,ItemO
155,1146,ItemP
156,1147,ItemQ
157,1148,ItemR
158,1149,ItemS
159,1150,ItemT
160,1151,ItemU
161,1152,ItemV
162,1153,ItemW
163,1154,ItemX
164,1155,ItemY
165,1156,ItemZ
166,1157,ItemA
167,1158,ItemB
168,1159,ItemC
169,1160,ItemD
170,1161,ItemE
171,1162,ItemF
172,1163,ItemG
173,1164,ItemH
174,1165,ItemI
175,1166,ItemJ
176,1167,ItemK
177,1168,ItemL
178,1169,ItemM
179,1170,ItemN
180,1171,ItemO
181,1172,ItemP
182,1173,ItemQ
183,1174,ItemR
184,1175,ItemS
185,1176,ItemT
186,1177,ItemU
187,1178,ItemV
188,1179,ItemW
189,1180,ItemX
190,1181,ItemY
191,1182,ItemZ
192,1183,ItemA
193,1184,ItemB
194,1185,ItemC
195,1186,ItemD
196,1187,ItemE
197,1188,ItemF
198,1189,ItemG
199,1190,ItemH
200,1191,ItemI
201,1192,ItemJ
202,1193,ItemK
203,1194,ItemL
204,1195,ItemM
205,1196,ItemN
206,1197,ItemO
207,1198,ItemP
208,1199,ItemQ
209,1200,ItemR
